seg_id,source_seg_id,pig,chamber,date,t_start,t_end,ODBA_mean_5min,HR_mean_5min,segment_HR_from_RR,segment_peak_count,expected_peaks_from_HR,peak_count_minus_expected,min_RR_ms,max_RR_ms,RR_cv_segment,bsqi_50ms,n_samples,n_imu_rows,decision,review_note
candidate_01,check_01,pig_19,A1,2026-06-21,2026-06-21 05:55:33,2026-06-21 05:55:53,0.0066115121951219,89.28315769714787,87.47721947409529,29,29.76105256571596,-0.761052565715957,641.0,746.0000000000005,0.0444604410199305,1.0,10241,200,eligible_not_selected,Eligible; clean agreement but greater ECG amplitude variability and higher ODBA than selected candidate.
candidate_02,check_03,pig_13,B2,2026-06-07,2026-06-07 21:03:15,2026-06-07 21:03:35,0.0023913725490195,111.52617573055912,110.5481345002303,37,37.17539191018637,-0.1753919101863701,516.9999999999999,583.9999999999997,0.0284800470664619,1.0,10241,201,eligible_not_selected,Eligible; clean agreement but denser faster rhythm than selected candidate.
candidate_03,check_04,pig_16,B1,2026-07-02,2026-07-02 22:40:06,2026-07-02 22:40:26,0.0092453691275167,120.76697556431309,121.3837750354036,41,40.255658521437695,0.7443414785623048,472.9999999999999,522.0000000000002,0.0224214128424524,1.0,10241,200,eligible_not_selected,Eligible; clean agreement but denser faster rhythm and higher ODBA than selected candidate.
candidate_04,check_06,pig_15,A1,2026-06-07,2026-06-07 13:18:36,2026-06-07 13:18:56,0.0065424390243901,129.05714949867962,126.85643564356434,42,43.0190498328932,-1.0190498328932025,437.0000000000003,537.0000000000008,0.0422021146080288,1.0,10241,200,eligible_not_selected,Eligible; clean agreement but faster rhythm and larger peak-count discrepancy versus 5-min HR context.
candidate_05,check_07,pig_14,A1,2026-06-19,2026-06-19 19:52:25,2026-06-19 19:52:45,0.0088624390243902,96.09340489899364,95.54630913854211,32,32.031134966331216,-0.0311349663312157,594.0000000000001,705.0000000000001,0.0398989456015216,1.0,10241,200,eligible_not_selected,Eligible; clean agreement but near-edge QRS and greater amplitude heterogeneity than selected candidate.
candidate_06,check_09,pig_14,B2,2026-06-27,2026-06-27 19:54:04,2026-06-27 19:54:24,0.0096082943143812,126.91279750770926,131.86139221097824,44,42.30426583590308,1.695734164096919,358.9999999999982,523.9999999999998,0.118910958921034,0.8723,10241,200,excluded,"Excluded: visible noise burst, bSQI 0.872 and less stable RR sequence."
candidate_07,check_10,pig_17,A1,2026-07-07,2026-07-07 11:17:07,2026-07-07 11:17:27,0.0019444660194174,114.58292065827452,116.7494495365866,39,38.1943068860915,0.8056931139084966,436.0,576.0000000000005,0.0813360054057316,1.0,10241,200,eligible_not_selected,Eligible; lowest ODBA but faster rhythm and greater RR variability than selected candidate.
candidate_08,check_11,pig_19,A1,2026-06-24,2026-06-24 01:28:49,2026-06-24 01:29:09,0.0072721951219512,115.61964609257096,112.29135053110778,38,38.53988203085699,-0.5398820308569867,493.0,555.9999999999992,0.0264858974174584,1.0,10241,200,excluded,Excluded from display: first R peak is only 7 ms from the segment edge.
candidate_09,check_12,pig_11,A1,2026-07-01,2026-07-01 07:08:07,2026-07-01 07:08:27,0.0044120975609755,79.99052602690739,78.75255945818239,26,26.6635086756358,-0.6635086756357964,705.0000000000001,855.9999999999999,0.0501311688797403,1.0,10241,200,selected,"Selected: clear repeated morphology, 26/26 cross-detector agreement, plausible RR, low movement and no edge truncation."
